fixed acidity,volatile acidity,citric acid,residual sugar,chlorides,free sulfur dioxide,total sulfur dioxide,density,pH,sulphates,alcohol
6.4,0.14,0.28,7.9,0.057,21,82,0.99425,3.26,0.36,10
11.8,0.23,0.38,11.1,0.034,15,123,0.9997,2.93,0.55,9.7
6.4,0.5,0.2,2.4,0.059,19,112,0.99314,3.18,0.4,9.2
7.2,0.23,0.32,8.5,0.058,47,186,0.9956,3.19,0.4,9.9
6.3,0.3,0.34,1.6,0.049,14,132,0.994,3.3,0.49,9.5
6.7,0.31,0.31,4.9,0.031,20,151,0.9926,3.36,0.82,12
5.3,0.23,0.56,0.9,0.041,46,141,0.99119,3.16,0.62,9.7
6.6,0.17,0.38,1.5,0.032,28,112,0.9914,3.25,0.55,11.4
6.2,0.66,0.48,1.2,0.029,29,75,0.9892,3.33,0.39,12.8
7.4,0.34,0.42,1.1,0.033,17,171,0.9917,3.12,0.53,11.3
5.7,0.32,0.18,1.4,0.029,26,104,0.9906,3.44,0.37,11
6.2,0.35,0.2,18.1,0.069,33,158,0.99908,3.15,0.5,8.8
6.4,0.31,0.38,2.9,0.038,19,102,0.9912,3.17,0.35,11
6.8,0.26,0.42,1.7,0.049,41,122,0.993,3.47,0.48,10.5
6.5,0.43,0.31,3.6,0.046,19,143,0.99022,3.15,0.34,12
6.6,0.27,0.29,5.3,0.045,57,189,0.9953,3.31,0.79,9.8
8.5,0.24,0.39,10.4,0.044,20,142,0.9974,3.2,0.53,10
7.4,0.45,0.32,7.1,0.044,17,117,0.9962,3.32,0.41,10.4
7.4,0.25,0.36,2.05,0.05,31,100,0.992,3.19,0.44,10.8
6.3,0.34,0.31,6,0.02,18,68,0.98981,3.22,0.29,13.4
5.7,0.25,0.27,11.5,0.04,24,120,0.99411,3.33,0.31,10.8
7.4,0.31,0.26,8.6,0.048,47,206,0.9964,3.26,0.36,9.1
6.6,0.23,0.32,1.5,0.041,8,72,0.98949,3.22,0.39,12.7
7.2,0.24,0.19,7.7,0.045,53,176,0.9958,3.17,0.38,9.5
7.9,0.17,0.32,1.6,0.053,47,150,0.9948,3.29,0.76,9.6
6.6,0.22,0.53,15.1,0.052,22,136,0.9986,2.94,0.35,9.4
5.9,0.27,0.27,9,0.051,43,136,0.9941,3.25,0.53,10.7
8.4,0.28,0.4,8.9,0.048,33,146,0.9988,3.4,0.46,9.3
7.2,0.19,0.31,1.6,0.062,31,173,0.9917,3.35,0.44,11.7
7.4,0.26,0.32,3.7,0.032,29,193,0.99134,3.1,0.67,12.5
6,0.16,0.3,6.7,0.043,43,153,0.9951,3.63,0.46,10.6
6.2,0.2,0.25,15,0.055,8,120,0.99767,3.19,0.53,9.6
7.4,0.18,0.36,13.1,0.056,72,163,1,3.42,0.35,9.1
6,0.19,0.26,12.4,0.048,50,147,0.9972,3.3,0.36,8.9
7.4,0.16,0.3,13.7,0.056,33,168,0.99825,2.9,0.44,8.7
7.4,0.16,0.3,13.7,0.056,33,168,0.99825,2.9,0.44,8.7
7.4,0.16,0.3,13.7,0.056,33,168,0.99825,2.9,0.44,8.7
5.7,0.33,0.15,1.9,0.05,20,93,0.9934,3.38,0.62,9.9
7.4,0.16,0.3,13.7,0.056,33,168,0.99825,2.9,0.44,8.7
6.7,0.25,0.13,1.2,0.041,81,174,0.992,3.14,0.42,9.8
7,0.31,0.35,1.6,0.063,13,119,0.99184,3.22,0.5,10.7
7.2,0.26,0.38,1.5,0.061,12,120,0.99192,3.18,0.46,10.4
6,0.27,0.28,4.8,0.063,31,201,0.9964,3.69,0.71,10
8.6,0.23,0.46,1,0.054,9,72,0.9941,2.95,0.49,9.1
6.9,0.26,0.33,12.6,0.051,59,173,0.998,3.39,0.38,9.9
6.7,0.21,0.34,1.5,0.035,45,123,0.98949,3.24,0.36,12.6
7.7,0.39,0.28,4.9,0.035,36,109,0.9918,3.19,0.58,12.2
7.1,0.18,0.36,1.4,0.043,31,87,0.9898,3.26,0.37,12.7
7.4,0.18,0.3,8.8,0.064,26,103,0.9961,2.94,0.56,9.3
6.5,0.43,0.28,12,0.056,23,174,0.9986,3.31,0.55,9.3
6.4,0.25,0.33,1.7,0.037,35,113,0.99164,3.23,0.66,10.6
7.3,0.22,0.3,8.2,0.047,42,207,0.9966,3.33,0.46,9.5
7.1,0.43,0.61,11.8,0.045,54,155,0.9974,3.11,0.45,8.7
6.5,0.31,0.61,13,0.053,31,123,0.99708,3.09,0.5,9.3
7.1,0.22,0.32,16.9,0.056,49,158,0.9998,3.37,0.38,9.6
7.2,0.39,0.63,11,0.044,55,156,0.9974,3.09,0.44,8.7
6.1,0.27,0.43,7.5,0.049,65,243,0.9957,3.12,0.47,9
6.9,0.21,0.33,1.8,0.034,48,136,0.9899,3.25,0.41,12.6
6.4,0.29,0.2,15.6,0.04,20,142,0.9962,3.1,0.54,10.6
8.1,0.27,0.33,1.3,0.045,26,100,0.99066,2.98,0.44,12.4
7,0.22,0.33,2.1,0.052,15,76,0.993,3.2,0.41,10.6
6.9,0.26,0.38,10.5,0.044,33,139,0.99517,3.06,0.5,10.3
6.3,0.24,0.37,1.8,0.031,6,61,0.9897,3.3,0.34,12.2
6.1,0.25,0.3,1.2,0.036,42,107,0.991,3.34,0.56,10.8
6.7,0.41,0.34,9.2,0.049,29,150,0.9968,3.22,0.51,9.1
7.1,0.38,0.42,11.8,0.041,32,193,0.99624,3.04,0.49,10
9.9,0.49,0.23,2.4,0.087,19,115,0.9948,2.77,0.44,9.4
6.5,0.38,0.53,1.4,0.142,5,69,0.9926,3.14,0.52,10.1
7.2,0.31,0.5,13.3,0.056,68,195,0.9982,3.01,0.47,9.2
7.4,0.19,0.3,12.8,0.053,48.5,229,0.9986,3.14,0.49,9.1
7.8,0.24,0.32,12.2,0.054,42,138,0.9984,3.01,0.54,8.8
7.4,0.16,0.31,6.85,0.059,31,131,0.9952,3.29,0.34,9.7
7,0.44,0.24,12.1,0.056,68,210,0.99718,3.05,0.5,9.5
6.9,0.19,0.28,5,0.058,14,146,0.9952,3.29,0.36,9.1
7.6,0.32,0.58,16.75,0.05,43,163,0.9999,3.15,0.54,9.2
6.4,0.13,0.47,1.6,0.092,40,158,0.9928,3.21,0.36,9.8
7.4,0.19,0.3,12.8,0.053,48.5,212,0.9986,3.14,0.49,9.1
5.4,0.22,0.35,6.5,0.029,26,87,0.99092,3.29,0.44,12.5
6,0.34,0.24,5.4,0.06,23,126,0.9951,3.25,0.44,9
7.7,0.24,0.31,1.3,0.047,33,106,0.993,3.22,0.55,10.8
6.5,0.24,0.32,7.6,0.038,48,203,0.9958,3.45,0.54,9.7
6,0.22,0.23,5,0.045,10,122,0.99261,2.94,0.63,10
6.6,0.39,0.28,9.2,0.036,10,92,0.99206,3.07,0.35,12.1
6.3,0.23,0.33,6.9,0.052,23,118,0.9938,3.23,0.46,10.4
6.8,0.19,0.36,1.9,0.035,30,96,0.9917,3.15,0.54,10.8
6.4,0.29,0.18,15,0.04,21,116,0.99736,3.14,0.5,9.2
8.5,0.21,0.41,4.3,0.036,24,99,0.9947,3.18,0.53,9.7
6.5,0.26,0.24,10.8,0.042,47,130,0.996,3.08,0.4,10.1
7.9,0.28,0.41,4.9,0.058,31,153,0.9966,3.27,0.51,9.7
5.6,0.16,0.27,1.4,0.044,53,168,0.9918,3.28,0.37,10.1
5.7,0.28,0.36,1.8,0.041,38,90,0.99002,3.27,0.98,11.9
7,0.22,0.26,1.1,0.037,20,71,0.9902,3.1,0.38,11.7
5.9,0.22,0.29,4.2,0.037,69,144,0.99214,3.13,0.74,10.8
7.9,0.22,0.38,8,0.043,46,152,0.9934,3.12,0.32,11.5
7.2,0.18,0.41,1.2,0.048,41,97,0.9919,3.14,0.45,10.4
5.3,0.47,0.1,1.3,0.036,11,74,0.99082,3.48,0.54,11.2
6,0.33,0.26,5.1,0.051,16,119,0.99416,3.15,0.41,9.2
6.6,0.23,0.24,3.9,0.045,36,138,0.9922,3.15,0.64,11.3
7,0.32,0.35,1.5,0.039,24,125,0.9918,3.17,0.64,12.2
7,0.23,0.36,13,0.051,72,177,0.9972,3.16,0.49,9.8
7.4,0.17,0.29,1.4,0.047,23,107,0.9939,3.52,0.65,10.4
7.5,0.29,0.31,8.95,0.055,20,151,0.9968,3.08,0.54,9.3
9.8,0.42,0.48,9.85,0.034,5,110,0.9958,2.87,0.29,10
7.1,0.3,0.46,1.5,0.066,29,133,0.9906,3.12,0.54,12.7
8,0.45,0.28,10.8,0.051,25,157,0.9957,3.06,0.47,11.4
6,0.67,0.07,1.2,0.06,9,108,0.9931,3.11,0.35,8.7
5.7,0.22,0.2,16,0.044,41,113,0.99862,3.22,0.46,8.9
7.1,0.2,0.36,11.6,0.042,45,124,0.997,2.92,0.59,9.5
5.6,0.18,0.29,2.3,0.04,5,47,0.99126,3.07,0.45,10.1
6.8,0.28,0.4,22,0.048,48,167,1.001,2.93,0.5,8.7
6.2,0.24,0.27,16.8,0.04,48,129,0.99691,3.23,0.38,10.5
6.5,0.39,0.35,1.6,0.049,10,164,0.99516,3.35,0.51,9.7
6.9,0.25,0.35,9.2,0.034,42,150,0.9947,3.21,0.36,11.5
6,0.2,0.26,6.8,0.049,22,93,0.9928,3.15,0.42,11
6,0.2,0.26,6.8,0.049,22,93,0.9928,3.15,0.42,11
6,0.2,0.26,6.8,0.049,22,93,0.9928,3.15,0.42,11
6.8,0.53,0.35,3.8,0.034,26,109,0.9906,3.26,0.57,12.7
6.1,0.23,0.45,10.6,0.094,49,169,0.99699,3.05,0.54,8.8
7.2,0.21,0.36,15.7,0.045,68,183,0.99922,3.25,0.76,9.4
7,0.2,0.35,8.8,0.037,31,103,0.99388,3.13,0.49,11
6.9,0.26,0.29,4.2,0.043,33,114,0.9902,3.16,0.31,12.5
6.8,0.57,0.29,2.2,0.04,15,77,0.9938,3.32,0.74,10.2
7.1,0.14,0.35,1.4,0.039,24,128,0.99212,2.97,0.68,10.4
7.6,0.48,0.28,10.4,0.049,57,205,0.99748,3.24,0.45,9.3
6.5,0.22,0.27,1.6,0.039,36,116,0.99178,3.38,0.57,11
6.2,0.25,0.25,1.4,0.03,35,105,0.9912,3.3,0.44,11.1
6.9,0.3,0.21,15.7,0.056,49,159,0.99827,3.11,0.48,9
7.5,0.27,0.36,7,0.036,45,164,0.9939,3.03,0.33,11
6.9,0.3,0.21,15.7,0.056,49,159,0.99827,3.11,0.48,9
9.4,0.42,0.32,6.5,0.027,20,167,0.99479,3.08,0.43,10.6
5.8,0.26,0.24,9.2,0.044,55,152,0.9961,3.31,0.38,9.4
7.2,0.585,0.2,10.4,0.086,17,94,0.99681,3.13,0.4,9.4
7.3,0.19,0.25,1.4,0.051,41,107,0.99382,3.53,0.66,10.5
6.5,0.19,0.3,0.8,0.043,33,144,0.9936,3.42,0.39,9.1
6.7,0.41,0.24,5.4,0.035,33,115,0.9901,3.12,0.44,12.89333333
7.1,0.25,0.32,10.3,0.041,66,272,0.9969,3.17,0.52,9.1
6.4,0.24,0.26,8.2,0.054,47,182,0.99538,3.12,0.5,9.5
7.1,0.4,0.52,1.3,0.148,45,149,0.99468,3.08,0.56,8.7
6.4,0.24,0.26,8.2,0.054,47,182,0.99538,3.12,0.5,9.5
8.2,0.27,0.39,7.8,0.039,49,208,0.9976,3.31,0.51,9.5
7.2,0.23,0.38,14.3,0.058,55,194,0.9979,3.09,0.44,9
7.3,0.32,0.23,13.7,0.05,49,197,0.9985,3.2,0.46,8.7
7.4,0.33,0.26,15.6,0.049,67,210,0.99907,3.06,0.68,9.5
7.3,0.4,0.28,6.5,0.037,26,97,0.99148,3.16,0.58,12.6
6.8,0.24,0.34,2.7,0.047,64.5,218.5,0.9934,3.3,0.58,9.7
8.6,0.17,0.28,2.7,0.047,38,150,0.99365,3.1,0.56,10.8
7.4,0.27,0.52,15.7,0.054,36,139,0.99788,3.04,0.62,10.03333333
5.8,0.22,0.25,1.5,0.024,21,109,0.99234,3.37,0.58,10.4
5.6,0.19,0.26,1.4,0.03,12,76,0.9905,3.25,0.37,10.9
6.3,0.41,0.18,3.5,0.027,23,109,0.99018,3.34,0.54,12.8
5.8,0.24,0.44,3.5,0.029,5,109,0.9913,3.53,0.43,11.7
6.6,0.22,0.28,12.05,0.058,25,125,0.99856,3.45,0.45,9.4
6.9,0.44,0.18,11.8,0.051,26,126,0.9975,3.23,0.48,9.1
6.4,0.31,0.28,2.5,0.039,34,137,0.98946,3.22,0.38,12.7
7.4,0.16,0.3,1.4,0.064,34,166,0.99136,3.11,0.42,11.43333333
7,0.36,0.3,5,0.04,40,143,0.99173,3.33,0.42,12.2
5.8,0.36,0.38,0.9,0.037,3,75,0.9904,3.28,0.34,11.4
6.2,0.29,0.29,5.6,0.046,35,178,0.99313,3.25,0.51,10.53333333
5.9,0.28,0.34,3.6,0.04,50,194,0.9912,3.31,0.52,11.6
6.7,0.26,0.39,1.1,0.04,45,147,0.9935,3.32,0.58,9.6
7,0.22,0.26,2.8,0.036,44,132,0.99078,3.34,0.41,12
6.9,0.29,0.4,19.45,0.043,36,156,0.9996,2.93,0.47,8.9
7.5,0.24,0.62,10.6,0.045,51,153,0.99779,3.16,0.44,8.8
6.3,0.19,0.33,10.1,0.063,63,133,0.99561,2.86,0.41,9.1
5.2,0.6,0.07,7,0.044,33,147,0.9944,3.33,0.58,9.7
4.6,0.445,0,1.4,0.053,11,178,0.99426,3.79,0.55,10.2
6.5,0.22,0.19,4.5,0.096,16,115,0.9937,3.02,0.44,9.6
7,0.29,0.54,10.7,0.046,59,234,0.9966,3.05,0.61,9.5
6.9,0.3,0.21,7.2,0.045,54,190,0.99595,3.22,0.48,9.4
7,0.23,0.28,2.7,0.053,16,92,0.99372,3.18,0.56,9.3
6.9,0.35,0.55,11.95,0.038,22,111,0.99687,3.11,0.29,9.7
6.6,0.58,0.3,5.1,0.057,30,123,0.9949,3.24,0.38,9
7,0.35,0.17,1.1,0.049,7,119,0.99297,3.13,0.36,9.7
6.7,0.2,0.41,9.1,0.044,50,166,0.9954,3.14,0.58,9.8
6.1,0.34,0.21,5,0.042,17,133,0.99373,3.02,0.53,9.4
6.3,0.4,0.32,10.6,0.049,38,209,0.9981,3.47,0.59,9.3
7.3,0.32,0.25,7.2,0.056,47,180,0.9961,3.08,0.47,8.8
7.5,0.23,0.35,17.8,0.058,128,212,1.00241,3.44,0.43,8.9
8.3,0.27,0.34,10.2,0.048,50,118,0.99716,3.18,0.51,10.3
7.2,0.23,0.39,14.2,0.058,49,192,0.9979,2.98,0.48,9
7.7,0.29,0.29,4.8,0.06,27,156,0.99572,3.49,0.59,10.3
6.3,0.28,0.22,9.5,0.04,30,111,0.99338,3.05,0.31,10.8
6.3,0.33,0.27,1.2,0.046,34,175,0.9934,3.37,0.54,9.4
7.4,0.27,0.26,11.8,0.053,55,173,0.99699,3.11,0.6,9.8
7.4,0.27,0.26,11.8,0.053,55,173,0.99699,3.11,0.6,9.8
7.3,0.41,0.24,6.8,0.057,41,163,0.9949,3.2,0.41,9.9
7.3,0.4,0.24,6.7,0.058,41,166,0.995,3.2,0.41,9.9
5.9,0.29,0.16,7.9,0.044,48,197,0.99512,3.21,0.36,9.4
7.4,0.32,0.27,12.9,0.04,60,221,0.99831,3.05,0.66,9.4
6.1,0.36,0.27,2.1,0.035,16,100,0.9917,3.4,0.71,11.5
8.1,0.25,0.34,10.1,0.05,30,121,0.99724,3.17,0.49,10.1
5.8,0.3,0.38,4.9,0.039,22,86,0.98963,3.23,0.58,13.1
5.9,0.3,0.47,7.85,0.03,19,133,0.9933,3.52,0.43,11.5
5.7,0.24,0.47,6.3,0.069,35,182,0.99391,3.11,0.46,9.75
7.4,0.34,0.3,14.9,0.037,70,169,0.99698,3.25,0.37,10.4
6.8,0.25,0.34,4.7,0.031,34,134,0.9927,3.21,0.38,10.6
6.2,0.45,0.73,7.2,0.099,47,202,0.99582,3.21,0.43,9.2
6.6,0.22,0.23,17.3,0.047,37,118,0.99906,3.08,0.46,8.8
6.6,0.22,0.23,17.3,0.047,37,118,0.99906,3.08,0.46,8.8
6,0.1,0.24,1.1,0.041,15,65,0.9927,3.61,0.61,10.3
6.4,0.34,0.23,6.3,0.039,37,143,0.9944,3.19,0.65,10
6.5,0.28,0.35,15.4,0.042,55,195,0.9978,3.23,0.5,9.6
6.8,0.24,0.34,4.6,0.032,37,135,0.9927,3.2,0.39,10.6
8.1,0.36,0.59,13.6,0.051,60,134,0.99886,2.96,0.39,8.7
6.3,0.23,0.3,1.8,0.033,16,91,0.9906,3.28,0.4,11.8
7.6,0.2,0.68,12.9,0.042,56,160,0.99841,3.05,0.41,8.7
6.9,0.3,0.3,1.3,0.053,24,186,0.99361,3.29,0.54,9.9
6.6,0.18,0.35,1.5,0.049,49,141,0.9934,3.43,0.85,10.2
6.8,0.46,0.26,2.7,0.042,28,83,0.99114,3.38,0.51,12
6.1,0.21,0.19,1.4,0.046,51,131,0.99184,3.22,0.39,10.5
6.5,0.24,0.29,8.2,0.043,32,156,0.99453,3.13,0.7,10.1
6.7,0.34,0.31,16.4,0.051,20,146,0.99834,3.06,0.54,9.1
7.6,0.17,0.45,11.2,0.054,56,137,0.997,3.15,0.47,10
5.5,0.335,0.3,2.5,0.071,27,128,0.9924,3.14,0.51,9.6
7.3,0.33,0.4,6.85,0.038,32,138,0.992,3.03,0.3,11.9
7.3,0.22,0.37,14.3,0.063,48,191,0.9978,2.89,0.38,9
6.6,0.18,0.26,17.3,0.051,17,149,0.9984,3,0.43,9.4
7.6,0.31,0.27,5.8,0.036,23,109,0.99399,3.34,0.54,11
7.1,0.365,0.14,1.2,0.055,24,84,0.9941,3.15,0.43,8.9
6.8,0.15,0.3,5.3,0.05,40,127,0.9942,3.4,0.39,9.7
6.3,0.38,0.17,8.8,0.08,50,212,0.99803,3.47,0.66,9.4
6,0.26,0.32,3.5,0.028,29,113,0.9912,3.4,0.71,12.3
7,0.16,0.26,6.85,0.047,30,220,0.99622,3.38,0.58,10.1
7.1,0.39,0.35,12.5,0.044,26,72,0.9941,3.17,0.29,11.6
7.3,0.815,0.09,11.4,0.044,45,204,0.99713,3.15,0.46,9
6.3,0.25,0.27,6.6,0.054,40,158,0.99378,3.2,0.48,10.3
6.2,0.21,0.24,1.2,0.051,31,95,0.99036,3.24,0.57,11.3
6.2,0.2,0.28,1.1,0.039,24,78,0.9899,3.36,0.47,12.1
7.2,0.24,0.29,3,0.036,17,117,0.99411,3.36,0.68,10.1
5.7,0.32,0.5,2.6,0.049,17,155,0.9927,3.22,0.64,10
6,0.2,0.38,1.3,0.034,37,104,0.98865,3.11,0.52,12.7
6.4,0.32,0.26,7.9,0.05,53,180,0.99514,3.14,0.5,9.6
6.4,0.32,0.26,7.9,0.05,53,180,0.99514,3.14,0.5,9.6
7.2,0.28,0.26,12.5,0.046,48,179,0.9975,3.1,0.52,9
8.1,0.34,0.28,7.5,0.04,70,230,0.99558,3.14,0.55,9.8
6,0.36,0.39,3.2,0.027,20,125,0.991,3.38,0.39,11.3
5.1,0.33,0.22,1.6,0.027,18,89,0.9893,3.51,0.38,12.5
5.8,0.28,0.18,1.2,0.058,7,108,0.99288,3.23,0.58,9.55
5.8,0.555,0.26,4.5,0.053,17,126,0.9943,3.24,0.46,9.1
8,0.26,0.28,4.8,0.05,34,150,0.99437,3.13,0.5,10
6.4,0.15,0.25,7.8,0.05,13,68,0.99394,3.16,0.4,9.9
6.5,0.36,0.32,1.1,0.031,13,66,0.9916,3.1,0.46,10.6
6.6,0.32,0.33,2.5,0.052,40,219.5,0.99316,3.15,0.6,10
8.2,0.28,0.42,1.8,0.031,30,93,0.9917,3.09,0.39,11.4
6.6,0.34,0.34,2.6,0.051,40.5,210,0.99314,3.15,0.61,10
7.6,0.285,0.32,14.6,0.063,32,201,0.998,3,0.45,9.2
7.5,0.24,0.29,1.1,0.046,34,84,0.9902,3.04,0.39,11.45
6.3,0.2,0.4,1.5,0.037,35,107,0.9917,3.46,0.5,11.4
6.6,0.56,0.15,10,0.037,38,157,0.99642,3.28,0.52,9.4
6.6,0.26,0.27,1.5,0.04,19,114,0.99295,3.36,0.62,10.5
6.9,0.49,0.24,1.2,0.049,13,125,0.9932,3.17,0.51,9.4
7.3,0.28,0.36,12.7,0.04,38,140,0.998,3.3,0.79,9.6
6.6,0.33,0.24,16.05,0.045,31,147,0.99822,3.08,0.52,9.2
8.3,0.25,0.33,2.5,0.053,12,72,0.99404,2.89,0.48,9.5
7.2,0.25,0.39,18.95,0.038,42,155,0.9999,2.97,0.47,9
6.1,0.27,0.32,1.1,0.034,24,110,0.9898,3.36,0.4,12.5
7.4,0.31,0.28,1.6,0.05,33,137,0.9929,3.31,0.56,10.5
7,0.21,0.28,8.7,0.045,37,222,0.9954,3.25,0.54,10.4
7.6,0.25,0.34,1.3,0.056,34,176,0.99434,3.1,0.51,9.5
7,0.21,0.28,8.6,0.045,37,221,0.9954,3.25,0.54,10.4
5.6,0.35,0.4,6.3,0.022,23,174,0.9922,3.54,0.5,11.6
7.1,0.31,0.47,13.6,0.056,54,197,0.9978,3.1,0.49,9.3
6.8,0.29,0.5,13.3,0.053,48,194,0.9974,3.09,0.45,9.4
6.1,0.27,0.31,1.5,0.035,17,83,0.99076,3.32,0.44,11.1
7.3,0.26,0.53,12.7,0.047,60.5,164.5,0.9984,3.06,0.45,9.1
6.1,0.25,0.18,10.5,0.049,41,124,0.9963,3.14,0.35,10.5
6.7,0.24,0.32,10.3,0.079,37,122,0.99662,3.02,0.45,8.8
7.3,0.26,0.53,12.7,0.047,60.5,156,0.9984,3.06,0.45,9.1
6.1,0.38,0.2,6.6,0.033,25,137,0.9938,3.3,0.69,10.4
7.1,0.09,0.3,6.2,0.032,24,134,0.993,2.99,0.39,10.9
6.1,0.28,0.24,19.95,0.074,32,174,0.99922,3.19,0.44,9.3
6,0.23,0.34,1.3,0.025,23,111,0.98961,3.36,0.37,12.7
5.8,0.28,0.27,2.6,0.054,30,156,0.9914,3.53,0.42,12.4
6.9,0.24,0.36,20.8,0.031,40,139,0.9975,3.2,0.33,11
6,0.27,0.27,1.6,0.046,32,113,0.9924,3.41,0.51,10.5
8.6,0.34,0.36,1.4,0.045,11,119,0.99556,3.17,0.47,9.4
6.8,0.23,0.33,1.9,0.047,20,101,0.9914,3.1,0.46,11.1
6.3,0.23,0.31,1.5,0.022,11,82,0.9892,3.3,0.4,12.9
6.6,0.32,0.34,7.7,0.044,63,212,0.99526,3.22,0.48,9.7
7.1,0.21,0.27,8.6,0.056,26,111,0.9956,2.95,0.52,9.5
5.9,0.25,0.19,12.4,0.047,50,162,0.9973,3.35,0.38,9.5
6.2,0.28,0.45,7.5,0.045,46,203,0.99573,3.26,0.46,9.2
7.2,0.39,0.62,11,0.047,66,178,0.9976,3.16,0.5,8.7
6.9,0.34,0.36,1.4,0.032,13,145,0.99214,3.07,0.52,9.8
5.4,0.27,0.22,4.6,0.022,29,107,0.98889,3.33,0.54,13.8
7.1,0.32,0.29,4,0.038,33,170,0.99463,3.27,0.64,10.2
5.8,0.28,0.66,9.1,0.039,26,159,0.9965,3.66,0.55,10.8
6.4,0.3,0.27,4.4,0.055,17,135,0.9925,3.23,0.44,12.2
6.6,0.24,0.29,2,0.023,19,86,0.99,3.25,0.45,12.5
6.8,0.32,0.23,3.3,0.026,31,99,0.9896,3.1,0.4,12.4
6.3,0.22,0.33,1.7,0.041,67,164,0.9928,3.32,0.56,10.4
6.1,0.35,0.24,2.3,0.034,25,133,0.9906,3.34,0.59,12
6,0.2,0.26,14.7,0.045,53,125,0.998365,2.99,0.69,9.4
6.2,0.37,0.3,6.6,0.346,79,200,0.9954,3.29,0.58,9.6
6,0.27,0.26,1.3,0.038,32,138,0.99125,3.46,0.43,11.1
9,0.26,0.34,6.7,0.029,21,162,0.99497,3.08,0.5,10.6
7.4,0.29,0.29,1.6,0.045,53,180,0.9936,3.34,0.68,10.5
7,0.28,0.36,1,0.035,8,70,0.9899,3.09,0.46,12.1
7.1,0.23,0.39,1.6,0.032,12,65,0.9898,3.25,0.4,12.7
9,0.29,0.34,12.1,0.03,34,177,0.99706,3.13,0.47,10.6
9,0.26,0.34,6.7,0.029,21,162,0.99497,3.08,0.5,10.6
6.8,0.2,0.38,4.7,0.04,27,103,0.994,3.37,0.58,10.7
5.7,0.44,0.13,7,0.025,28,173,0.9913,3.33,0.48,12.5
6.7,0.45,0.3,5.3,0.036,27,165,0.99122,3.12,0.46,12.2
6.8,0.23,0.32,1.6,0.026,43,147,0.9904,3.29,0.54,12.5
7.2,0.28,0.54,16.7,0.045,54,200,0.999,3.08,0.49,9.5
7.5,0.2,0.47,16.9,0.052,51,188,0.99944,3.09,0.62,9.3
6.3,0.26,0.42,7.1,0.045,62,209,0.99544,3.2,0.53,9.5
7.8,0.18,0.31,12.2,0.053,46,140,0.998,3.06,0.53,8.9
7.8,0.18,0.31,12.2,0.053,46,140,0.998,3.06,0.53,8.9
6.4,0.15,0.44,1.2,0.043,67,150,0.9907,3.14,0.73,11.2
6.3,0.13,0.42,1.1,0.043,63,146,0.99066,3.13,0.72,11.2
7.4,0.36,0.33,1.4,0.025,27,55,0.9915,3.21,0.33,11.2
5.9,0.42,0.36,2.4,0.034,19,77,0.99184,3.25,0.48,10.9
7.3,0.37,0.16,14.9,0.048,59,240,0.99902,3.13,0.45,8.9
7.1,0.33,0.18,6.3,0.094,27,166,0.99474,2.9,0.49,9.5
6.6,0.24,0.28,1.8,0.028,39,132,0.99182,3.34,0.46,11.4
7,0.16,0.32,1.1,0.032,29,80,0.98972,3.23,0.36,12.1
6.4,0.38,0.19,4.5,0.038,36,119,0.99151,3.07,0.42,11.2
6.3,0.34,0.36,4.9,0.035,31,185,0.9946,3.15,0.49,9.7
7.2,0.31,0.46,5,0.04,3,29,0.9906,3.04,0.53,12.5
5.9,0.32,0.39,3.3,0.114,24,140,0.9934,3.09,0.45,9.2
6.5,0.27,0.4,10,0.039,74,227,0.99582,3.18,0.5,9.4
6.5,0.5,0.22,4.1,0.036,35,131,0.9902,3.26,0.55,13
6.4,0.1,0.35,4.9,0.048,31,103,0.9947,3.43,0.79,9.7
6.1,0.19,0.37,2.6,0.041,24,99,0.99153,3.18,0.5,10.9
7.9,0.345,0.51,15.3,0.047,54,171,0.9987,3.09,0.51,9.1
6.3,0.3,0.91,8.2,0.034,50,199,0.99394,3.39,0.49,11.7
5.8,0.29,0.38,10.7,0.038,49,136,0.99366,3.11,0.59,11.2
7.2,0.615,0.1,1.4,0.068,25,154,0.99499,3.2,0.48,9.7
6,0.24,0.41,1.3,0.036,42,118,0.99018,3.04,0.64,11.73333333
6.8,0.28,0.17,13.9,0.047,49,162,0.9983,3.21,0.51,9
6.6,0.26,0.36,1.2,0.035,43,126,0.99094,3.01,0.63,11.4
7,0.3,0.51,13.6,0.05,40,168,0.9976,3.07,0.52,9.6
5.8,0.26,0.29,1,0.042,35,101,0.99044,3.36,0.48,11.4
9.2,0.25,0.34,1.2,0.026,31,93,0.9916,2.93,0.37,11.3
5.6,0.695,0.06,6.8,0.042,9,84,0.99432,3.44,0.44,10.2
6.7,0.3,0.29,2.8,0.025,37,107,0.99159,3.31,0.63,11.3
6.6,0.33,0.41,2,0.027,14,79,0.99063,3.27,0.63,12.4
8,0.23,0.41,1.1,0.048,35,150,0.99168,3.09,0.47,11.2
6.6,0.36,0.52,10.1,0.05,29,140,0.99628,3.07,0.4,9.4
7.8,0.22,0.38,10.3,0.059,28,99,0.9967,3.12,0.47,10
6.5,0.18,0.41,14.2,0.039,47,129,0.99678,3.28,0.72,10.3
6.5,0.18,0.41,14.2,0.039,47,129,0.99678,3.28,0.72,10.3
6.4,0.31,0.53,8.8,0.057,36,221,0.99642,3.17,0.44,9.1
6.6,0.26,0.21,2.9,0.026,48,126,0.99089,3.22,0.38,11.3
6.5,0.28,0.28,20.4,0.041,40,144,1.0002,3.14,0.38,8.7
6,0.17,0.33,6,0.036,30,111,0.99362,3.32,0.58,10.15
6.1,0.16,0.34,6.1,0.034,31,114,0.99365,3.32,0.58,10.13333333
4.9,0.335,0.14,1.3,0.036,69,168,0.99212,3.47,0.46,10.46666667
6,0.28,0.52,6.2,0.028,37,104,0.99161,3.28,0.51,11.8
7.1,0.22,0.33,2.8,0.033,48,153,0.9899,3.15,0.38,12.7
5.7,0.21,0.37,4.5,0.04,58,140,0.99332,3.29,0.62,10.6
7.4,0.41,0.66,10.8,0.051,77,194,0.9976,3.05,0.46,8.7
7,0.24,0.24,9,0.03,42,219,0.99636,3.47,0.46,10.2
5.9,0.445,0.26,1.4,0.027,23,109,0.99148,3.3,0.36,10.5
6,0.38,0.26,6,0.034,42,134,0.9912,3.38,0.38,12.3
6.8,0.63,0.04,1.3,0.058,25,133,0.99271,3.17,0.39,10.2
6.6,0.25,0.3,1.6,0.046,32,134,0.993,3.42,0.51,10.1
6.1,0.32,0.25,1.7,0.034,37,136,0.992,3.47,0.5,10.8
7.6,0.23,0.4,5.2,0.066,14,91,0.99488,3.17,0.8,9.7
6.7,0.16,0.32,12.5,0.035,18,156,0.99666,2.88,0.36,9
6.7,0.16,0.32,12.5,0.035,18,156,0.99666,2.88,0.36,9
6.9,0.19,0.4,1.4,0.036,14,55,0.9909,3.08,0.68,11.5
6.6,0.23,0.29,14.45,0.057,29,144,0.99756,3.33,0.54,10.2
6.4,0.69,0.09,7.6,0.044,34,144,0.9948,3.26,0.38,10.1
7.3,0.25,0.29,7.5,0.049,38,158,0.9965,3.43,0.38,9.6
7.3,0.25,0.29,7.5,0.049,38,158,0.9965,3.43,0.38,9.6
6.4,0.69,0.09,7.6,0.044,34,144,0.9948,3.26,0.38,10.1
7.4,0.37,0.35,5.7,0.061,12,94,0.9965,3.48,0.69,10.7
6.5,0.15,0.44,12.6,0.052,65,158,0.99688,3.26,0.7,10.3
7.4,0.24,0.4,4.3,0.032,9,95,0.992,3.09,0.39,11.1
6.1,0.22,0.4,1.85,0.031,25,111,0.98966,3.03,0.3,11.8
6.5,0.36,0.28,3.2,0.037,29,119,0.9908,3.25,0.65,12.4
5.4,0.33,0.31,4,0.03,27,108,0.99031,3.3,0.43,12.2
5.7,0.27,0.16,9,0.053,32,111,0.99474,3.36,0.37,10.4
7.4,0.19,0.3,1.4,0.057,33,135,0.993,3.12,0.5,9.6
6.5,0.46,0.41,16.8,0.084,59,222,0.9993,3.18,0.58,9
5.5,0.315,0.38,2.6,0.033,10,69,0.9909,3.12,0.59,10.8
5.3,0.32,0.12,6.6,0.043,22,141,0.9937,3.36,0.6,10.4
6.6,0.27,0.32,1.3,0.044,18,93,0.99044,3.11,0.56,12.25
6.1,0.32,0.33,10.7,0.036,27,98,0.99521,3.34,0.52,10.2
7.9,0.37,0.31,2.85,0.037,5,24,0.9911,3.19,0.36,11.9
5.8,0.31,0.33,1.2,0.036,23,99,0.9916,3.18,0.6,10.5
7.1,0.31,0.17,1,0.042,21,144,0.99304,3.13,0.4,9.6
7.6,0.32,0.25,9.5,0.03,15,136,0.99367,3.1,0.44,12.1
5.9,0.14,0.25,4.5,0.027,34,140,0.9934,3.49,0.51,10.8
7.4,0.28,0.25,11.9,0.053,25,148,0.9976,3.1,0.62,9.2
7,0.16,0.36,2.6,0.029,28,98,0.99126,3.11,0.37,11.2
7.6,0.18,0.28,7.1,0.041,29,110,0.99652,3.2,0.42,9.2
5.5,0.16,0.31,1.2,0.026,31,68,0.9898,3.33,0.44,11.65
6.7,0.23,0.25,1.6,0.036,28,143,0.99256,3.3,0.54,10.3
6.5,0.33,0.72,1.1,0.061,7,151,0.993,3.09,0.57,9.5
6.2,0.35,0.25,18.4,0.051,28,182,0.99946,3.13,0.62,9.3
6.5,0.23,0.36,16.3,0.038,43,133,0.99924,3.26,0.41,8.8
6.5,0.23,0.36,16.3,0.038,43,133,0.99924,3.26,0.41,8.8
7.5,0.28,0.39,10.2,0.045,59,209,0.9972,3.16,0.63,9.6
6.5,0.23,0.36,16.3,0.038,43,133,0.99924,3.26,0.41,8.8
7,0.57,0.1,8.3,0.094,23,188,0.9972,3.4,0.47,9.2
7.8,0.25,0.34,13.7,0.044,66,184,0.99976,3.22,0.75,8.9
6.8,0.23,0.42,7.4,0.044,56,189,0.9958,3.22,0.48,9.3
7.8,0.25,0.34,13.7,0.044,66,184,0.99976,3.22,0.75,8.9
7.8,0.42,0.26,9.2,0.058,34,199,0.9972,3.14,0.55,9.3
7.5,0.18,0.31,6.5,0.029,53,160,0.99276,3.03,0.38,10.9
6.4,0.32,0.5,10.7,0.047,57,206,0.9968,3.08,0.6,9.4
5,0.27,0.4,1.2,0.076,42,124,0.99204,3.32,0.47,10.1
6.5,0.35,0.28,12.4,0.051,86,213,0.9962,3.16,0.51,9.9
5.7,0.32,0.38,4.75,0.033,23,94,0.991,3.42,0.42,11.8
6.5,0.29,0.31,1.7,0.035,24,79,0.99053,3.27,0.69,11.4
6.8,0.67,0.3,13,0.29,22,193,0.9984,3.08,0.67,9
6.5,0.35,0.28,12.4,0.051,86,213,0.9962,3.16,0.51,9.9
7.4,0.2,0.28,9.1,0.047,29,95,0.99532,3.16,0.47,9.8
6.9,0.2,0.34,1.9,0.043,25,136,0.9935,3.31,0.6,10.1
6,0.36,0.16,6.3,0.036,36,191,0.9942,3.17,0.62,9.8
6.3,0.2,0.19,12.3,0.048,54,145,0.99668,3.16,0.42,9.3
8,0.23,0.28,2.7,0.048,49,165,0.9952,3.26,0.72,9.5
6.3,0.34,0.28,14.7,0.047,49,198,0.9977,3.23,0.46,9.5
6.7,0.27,0.33,3.6,0.034,9,45,0.99144,3.08,0.4,10.5
7.5,0.31,0.51,14.8,0.039,62,204,0.9982,3.06,0.6,9.5
8.4,0.4,0.7,13.1,0.042,29,197,0.998,3.06,0.64,9.7
6.4,0.105,0.29,1.1,0.035,44,140,0.99142,3.17,0.55,10.7
6.6,0.38,0.18,1.2,0.042,20,84,0.9927,3.22,0.45,10.1
7.1,0.43,0.3,6.6,0.025,15,138,0.99126,3.18,0.46,12.6
5.6,0.25,0.26,3.6,0.037,18,115,0.9904,3.42,0.5,12.6
6.2,0.31,0.21,6.3,0.041,50,218,0.9941,3.15,0.6,10
6.6,0.34,0.18,6.4,0.082,47,240,0.9971,3.42,0.48,9.2
6,0.35,0.46,0.9,0.033,9,65,0.98934,3.24,0.35,12.1
7.7,0.2,0.44,13.9,0.05,44,130,0.99855,3.11,0.48,10
8.2,0.27,0.43,1.6,0.035,31,128,0.9916,3.1,0.5,12.3
7.7,0.16,0.36,5.9,0.054,25,148,0.99578,3.25,0.54,10.2
6.4,0.31,0.39,7.5,0.04,57,213,0.99475,3.32,0.43,10
6,0.26,0.24,1.3,0.053,66,150,0.9924,3.21,0.62,10.4
5.7,0.4,0.35,5.1,0.026,17,113,0.99052,3.18,0.67,12.4
7.9,0.16,0.3,7.4,0.05,58,152,0.99612,3.12,0.37,9.5
6.1,0.41,0.2,12.6,0.032,54,136,0.99516,2.91,0.43,10.6
6.2,0.21,0.27,1.7,0.038,41,150,0.9933,3.49,0.71,10.5
6.5,0.28,0.34,4.6,0.054,22,130,0.99193,3.2,0.46,12
6,0.34,0.29,6.1,0.046,29,134,0.99462,3.48,0.57,10.7
7.6,0.2,0.36,1.9,0.043,24,111,0.99237,3.29,0.54,11.3
6.2,0.25,0.48,10,0.044,78,240,0.99655,3.25,0.47,9.5
6.7,0.22,0.33,1.2,0.036,36,86,0.99058,3.1,0.76,11.4
6,0.32,0.33,9.9,0.032,22,90,0.99258,3.1,0.43,12.1
5.8,0.29,0.27,1.6,0.062,17,140,0.99138,3.23,0.35,11.1
6.4,0.25,0.3,5.5,0.038,15,129,0.9948,3.14,0.49,9.6
7.1,0.21,0.31,3.8,0.021,40,142,0.99215,3.17,0.39,10.8
6.4,0.24,0.25,20.2,0.083,35,157,0.99976,3.17,0.5,9.1
6.6,0.25,0.51,8,0.047,61,189,0.99604,3.22,0.49,9.2
5.7,0.22,0.25,1.1,0.05,97,175,0.99099,3.44,0.62,11.1
4.8,0.29,0.23,1.1,0.044,38,180,0.98924,3.28,0.34,11.9
6.8,0.35,0.53,10.1,0.053,37,151,0.9963,3.07,0.4,9.4
6.9,0.31,0.32,1.6,0.036,34,114,0.99068,3.19,0.45,11.4
6.6,0.25,0.51,8,0.047,61,189,0.99604,3.22,0.49,9.2
6.4,0.33,0.44,8.9,0.055,52,164,0.99488,3.1,0.48,9.6
7.1,0.28,0.44,1.8,0.032,32,107,0.9907,3.25,0.48,12.2
5.5,0.15,0.32,14,0.031,16,99,0.99437,3.26,0.38,11.5
6.2,0.35,0.29,3.9,0.041,22,79,0.99005,3.1,0.59,12.06666667
7.1,0.23,0.39,13.7,0.058,26,172,0.99755,2.9,0.46,9
6.4,0.35,0.51,7.8,0.055,53,177,0.99502,3.12,0.45,9.6
6,0.43,0.34,7.6,0.045,25,118,0.99222,3.03,0.37,11
6.3,0.3,0.28,5,0.042,36,168,0.99505,3.22,0.69,9.5
6,0.52,0.33,7.7,0.046,24,119,0.99224,3.04,0.38,11
6.7,0.5,0.63,13.4,0.078,81,238,0.9988,3.08,0.44,9.2
5,0.44,0.04,18.6,0.039,38,128,0.9985,3.37,0.57,10.2
6.2,0.36,0.32,4,0.036,44,92,0.98936,3.2,0.5,13.3
6.8,0.12,0.31,5.2,0.045,29,120,0.9942,3.41,0.46,9.8
6.6,0.16,0.57,1.1,0.13,58,140,0.9927,3.12,0.39,9.3
6.1,0.27,0.3,16.7,0.039,49,172,0.99985,3.4,0.45,9.4
6.4,0.225,0.48,2.2,0.115,29,104,0.9918,3.24,0.58,12.1
5.7,0.21,0.32,1.6,0.03,33,122,0.99044,3.33,0.52,11.9
6.5,0.22,0.45,8,0.053,52,196,0.9959,3.23,0.48,9.1
6.4,0.14,0.31,1.2,0.034,53,138,0.99084,3.38,0.35,11.5
7.1,0.26,0.32,16.2,0.044,31,170,0.99644,3.17,0.37,11.2
6.6,0.22,0.34,11.6,0.05,59,140,0.99526,3.22,0.4,10.8
6.9,0.22,0.37,15,0.053,59,178,0.9992,3.37,0.82,9.5
6.6,0.34,0.4,8.1,0.046,68,170,0.99494,3.15,0.5,9.533333333
6.5,0.33,0.38,8.3,0.048,68,174,0.99492,3.14,0.5,9.6
6.5,0.22,0.45,8,0.053,52,196,0.9959,3.23,0.48,9.1
5.9,0.24,0.3,2,0.033,28,92,0.99225,3.39,0.69,10.9
6.5,0.23,0.38,1.3,0.032,29,112,0.99298,3.29,0.54,9.7
6.5,0.22,0.29,7.4,0.028,16,87,0.99311,3.15,0.56,10.9
6.5,0.24,0.19,1.2,0.041,30,111,0.99254,2.99,0.46,9.4
6.2,0.3,0.26,13.4,0.046,57,206,0.99775,3.17,0.43,9.5
6,0.28,0.49,6.8,0.048,61,222,0.9953,3.19,0.47,9.3
6.4,0.35,0.28,1.1,0.055,9,160,0.99405,3.42,0.5,9.1
6.5,0.26,0.32,16.5,0.045,44,166,1,3.38,0.46,9.5
6.5,0.15,0.32,1.3,0.036,19,76,0.98964,3.18,0.41,12.3
8.4,0.18,0.42,5.1,0.036,7,77,0.9939,3.16,0.52,11.7
5.3,0.16,0.39,1,0.028,40,101,0.99156,3.57,0.59,10.6
6.7,0.48,0.32,1.4,0.021,22,121,0.9889,3.15,0.53,12.7
6.7,0.19,0.23,6.2,0.047,36,117,0.9945,3.34,0.43,9.6
7.1,0.16,0.36,10.7,0.044,20,90,0.9959,3.16,0.44,10.9
6.5,0.15,0.55,5.9,0.045,75,162,0.99482,2.97,0.4,9.3
7.3,0.205,0.31,1.7,0.06,34,110,0.9963,3.72,0.69,10.5
6.9,0.25,0.34,1.3,0.035,27,82,0.99045,3.18,0.44,12.2
6.8,0.475,0.33,3.95,0.047,16,81,0.98988,3.23,0.53,13.4
7.5,0.42,0.34,4.3,0.04,34,108,0.99155,3.14,0.45,12.8
6.9,0.4,0.3,10.6,0.033,24,87,0.99265,3.15,0.45,12.8
6.4,0.2,0.28,2.5,0.032,24,84,0.99168,3.31,0.55,11.5
7.5,0.34,0.35,6,0.034,12,126,0.9924,3.16,0.39,12
5.2,0.285,0.29,5.15,0.035,64,138,0.9895,3.19,0.34,12.4
7.3,0.21,0.29,1.6,0.034,29,118,0.9917,3.3,0.5,11
6.6,0.22,0.37,15.4,0.035,62,153,0.99845,3.02,0.4,9.3
8.2,0.4,0.48,13.7,0.042,59,169,0.9986,3.1,0.52,9.4
6.2,0.2,0.31,1,0.031,22,73,0.99035,3.24,0.52,11.3
7.3,0.28,0.42,14.4,0.04,49,173,0.9994,3.28,0.82,9
6,0.45,0.65,9.7,0.08,11,159,0.9956,3.04,0.48,9.4
5.7,0.28,0.28,2.2,0.019,15,65,0.9902,3.06,0.52,11.2
6.3,0.26,0.21,4,0.03,24,125,0.9915,3.06,0.34,10.7
6.7,0.39,0.31,2.7,0.054,27,202,0.9948,3.46,0.57,10.5
6.9,0.22,0.31,6.3,0.029,41,131,0.99326,3.08,0.49,10.8
5.2,0.155,0.33,1.6,0.028,13,59,0.98975,3.3,0.84,11.9
6.4,0.25,0.32,11.3,0.038,69,192,0.99573,3.14,0.5,10.2
7.3,0.26,0.31,1.6,0.04,39,173,0.9918,3.19,0.51,11.4
5.8,0.26,0.18,1.2,0.031,40,114,0.9908,3.42,0.4,11
5.6,0.19,0.39,1.1,0.043,17,67,0.9918,3.23,0.53,10.3
7.1,0.29,0.34,7.8,0.036,49,128,0.99397,3.21,0.4,10.7
7,0.29,0.26,1.6,0.044,12,87,0.9923,3.08,0.46,10.5
6.6,0.26,0.29,1.4,0.039,13,67,0.9915,3.05,0.49,10.9
5.1,0.29,0.28,8.3,0.026,27,107,0.99308,3.36,0.37,11
4.9,0.33,0.31,1.2,0.016,39,150,0.98713,3.33,0.59,14
7,0.12,0.29,10.3,0.039,41,98,0.99564,3.19,0.38,9.8
6,0.28,0.25,1.8,0.042,8,108,0.9929,3.08,0.55,9
6.1,0.27,0.25,1.8,0.041,9,109,0.9929,3.08,0.54,9
7.1,0.25,0.39,2.1,0.036,30,124,0.9908,3.28,0.43,12.2
7.5,0.24,0.31,13,0.049,46,217,0.9985,3.08,0.53,8.8
6.4,0.12,0.3,1.1,0.031,37,94,0.98986,3.01,0.56,11.7
8,0.32,0.26,1.2,0.05,11.5,88,0.9946,3.24,0.37,9.5
6.9,0.38,0.38,13.1,0.112,14,94,0.99792,3.02,0.48,9.2
5.8,0.19,0.24,1.3,0.044,38,128,0.99362,3.77,0.6,10.6
6.6,0.23,0.3,14.9,0.051,33,118,0.99835,3.04,0.54,9
7,0.11,0.32,4.6,0.057,59,144,0.9956,3.55,0.44,9.4
7.7,0.32,0.62,10.6,0.036,56,153,0.9978,3.13,0.44,8.9
7.7,0.32,0.62,10.6,0.036,56,153,0.9978,3.13,0.44,8.9
6.3,0.22,0.22,5.6,0.039,31,128,0.99296,3.12,0.46,10.4
6.8,0.32,0.39,9.6,0.026,34,124,0.99286,3.18,0.35,12.1
6.6,0.23,0.2,11.4,0.044,45,131,0.99604,2.96,0.51,9.7
6.4,0.43,0.32,1.4,0.048,10,67,0.992,3.08,0.41,11.4
6.1,0.36,0.58,15,0.044,42,115,0.9978,3.15,0.51,9
7.2,0.19,0.31,6.3,0.034,17,103,0.99305,3.15,0.52,11.4
6.9,0.48,0.36,3.5,0.03,31,135,0.9904,3.14,0.38,12.2
8.2,0.345,1,18.2,0.047,55,205,0.99965,2.96,0.43,9.6
7.3,0.25,0.39,6.4,0.034,8,84,0.9942,3.18,0.46,11.5
6.7,0.18,0.28,10.2,0.039,29,115,0.99469,3.11,0.45,10.9
6.1,0.19,0.25,4,0.023,23,112,0.9923,3.37,0.51,11.6
6.5,0.34,0.28,1.8,0.041,43,188,0.9928,3.13,0.37,9.6
8.4,0.32,0.35,11.7,0.029,3,46,0.99439,3.02,0.34,11.8
6,0.41,0.21,1.9,0.05,29,122,0.9928,3.42,0.52,10.5
6.9,0.25,0.47,8.4,0.042,36,156,0.99604,3.15,0.55,9.4
8.6,0.16,0.38,3.4,0.04,41,143,0.9932,2.95,0.39,10.2
8.2,0.26,0.44,1.3,0.046,7,69,0.9944,3.14,0.62,10.2
6.5,0.25,0.27,15.2,0.049,75,217,0.9972,3.19,0.39,9.9
6.5,0.23,0.45,2.1,0.027,43,104,0.99054,3.02,0.52,11.3
6,0.26,0.34,1.3,0.046,6,29,0.9924,3.29,0.63,10.4
6.1,0.24,0.27,9.8,0.062,33,152,0.9966,3.31,0.47,9.5
8,0.24,0.3,17.45,0.056,43,184,0.9997,3.05,0.5,9.2
6.9,0.24,0.39,1.3,0.063,18,136,0.9928,3.31,0.48,10.4
5.6,0.2,0.66,10.2,0.043,78,175,0.9945,2.98,0.43,10.4
6.3,0.25,0.44,1.7,0.024,36,116,0.98935,3.18,0.4,12.5
7.2,0.27,0.37,5.4,0.026,27,114,0.99174,3.13,0.84,12.7
8.3,0.15,0.39,1.3,0.055,32,146,0.993,3.08,0.39,10.5
8.5,0.19,0.48,1.1,0.026,23,58,0.99184,2.9,0.5,10.5
6.2,0.25,0.54,7,0.046,58,176,0.99454,3.19,0.7,10.4
6.2,0.25,0.47,11.6,0.048,62,210,0.9968,3.19,0.5,9.5
7.6,0.39,0.22,2.8,0.036,19,113,0.9926,3.03,0.29,10.2
6.2,0.25,0.54,7,0.046,58,176,0.99454,3.19,0.7,10.4
7.4,0.21,0.8,12.3,0.038,77,183,0.99778,2.95,0.48,9
8.3,0.14,0.26,1.5,0.049,56,189,0.9946,3.21,0.62,9.5
6.8,0.34,0.74,2.8,0.088,23,185,0.9928,3.51,0.7,12
6.6,0.14,0.44,1.6,0.042,47,140,0.993,3.32,0.51,10.2
6.2,0.25,0.38,7.9,0.045,54,208,0.99572,3.17,0.46,9.1
7.1,0.2,0.41,2.1,0.054,24,166,0.9948,3.48,0.62,10.5
6.6,0.35,0.34,4.9,0.032,9,125,0.99253,3.32,0.81,12
8.5,0.19,0.48,1.1,0.026,23,58,0.99184,2.9,0.5,10.5
7.1,0.3,0.36,6.8,0.055,44.5,234,0.9972,3.49,0.64,10.2
7.1,0.47,0.24,6,0.044,11,77,0.9956,3.21,0.56,9.7
6.1,0.2,0.34,9.5,0.041,38,201,0.995,3.14,0.44,10.1
7.5,0.17,0.34,1.4,0.035,13,102,0.9918,3.05,0.74,11
7.5,0.33,0.48,19.45,0.048,55,243,1.001,2.95,0.4,8.8
9.7,0.24,0.49,4.9,0.032,3,18,0.99368,2.85,0.54,10
6.9,0.21,0.81,1.1,0.137,52,123,0.9932,3.03,0.39,9.2
7,0.31,0.52,1.7,0.029,5,61,0.9918,3.07,0.43,10.4
7,0.25,0.45,2.3,0.045,40,118,0.99064,3.16,0.48,11.9
7.6,0.21,0.49,2.5,0.047,20,130,0.99178,3.15,0.48,11.1
7.6,0.35,0.46,14.7,0.047,33,151,0.99709,3.03,0.53,10.3
8,0.26,0.36,2,0.054,30,121,0.992,3.09,0.72,11.6
6.7,0.24,0.46,2.2,0.033,19,111,0.99045,3.1,0.62,11.9
6.9,0.2,0.36,1.5,0.031,38,147,0.9931,3.35,0.56,11
5.9,0.19,0.37,0.8,0.027,3,21,0.9897,3.09,0.31,10.8
7.5,0.28,0.33,7.7,0.048,42,180,0.9974,3.37,0.59,10.1
7.4,0.23,0.38,8.6,0.052,41,150,0.99534,3.06,0.46,10.3
7.8,0.26,0.44,1.3,0.037,43,132,0.9944,3.18,0.65,10
7.2,0.17,0.37,6.9,0.059,47,128,0.99322,3.08,0.46,11
6.3,0.35,0.26,17.6,0.061,59,198,0.99918,3.11,0.49,8.8
6.3,0.23,0.21,5.1,0.035,29,142,0.9942,3.36,0.33,10.1
6.5,0.16,0.33,4.8,0.043,45,114,0.992,3.18,0.44,11.2
7,0.17,0.33,4,0.034,17,127,0.9934,3.19,0.39,10.6
6.2,0.19,0.29,4.3,0.045,33,126,0.99658,3.18,0.42,9.3
6.5,0.29,0.25,10.6,0.039,32,120,0.9962,3.31,0.34,10.1
5.8,0.29,0.21,2.6,0.025,12,120,0.9894,3.39,0.79,14
6.3,0.27,0.25,5.8,0.038,52,155,0.995,3.28,0.38,9.4
7.2,0.32,0.4,8.7,0.038,45,154,0.99568,3.2,0.47,10.4
5.8,0.39,0.47,7.5,0.027,12,88,0.9907,3.38,0.45,14
6.2,0.23,0.36,17.2,0.039,37,130,0.99946,3.23,0.43,8.8
7.1,0.36,0.37,4.8,0.019,39,114,0.99036,3.08,0.49,12.7
5.8,0.415,0.13,1.4,0.04,11,64,0.9922,3.29,0.52,10.5
5.6,0.28,0.4,6.1,0.034,36,118,0.99144,3.21,0.43,12.1
5.7,0.16,0.26,6.3,0.043,28,113,0.9936,3.06,0.58,9.9
7.6,0.15,0.35,4.3,0.051,23,98,0.99422,3.1,0.44,9.5
8.3,0.16,0.37,7.9,0.025,38,107,0.99306,2.93,0.37,11.9
6.6,0.19,0.33,1.8,0.035,42,148,0.99196,3.15,0.36,10.2
7.6,0.24,0.44,3.8,0.037,49,146,0.9911,3.06,0.37,11.6
7.2,0.25,0.32,1.5,0.047,27,132,0.9933,3.26,0.44,10.5
7,0.21,0.42,5.3,0.037,36,123,0.99321,3.14,0.52,10.9
7,0.17,0.37,5.7,0.025,29,111,0.9938,3.2,0.49,10.8
6.8,0.21,0.4,6.3,0.032,40,121,0.99214,3.18,0.53,12
6.1,0.6,0,1.3,0.042,24,79,0.9937,3.31,0.38,9.4
7.6,0.33,0.36,2.1,0.034,26,172,0.9944,3.42,0.48,10.5
7.8,0.3,0.29,16.85,0.054,23,135,0.9998,3.16,0.38,9
6.6,0.29,0.39,6.75,0.031,22,98,0.9913,3.15,0.8,12.9
6.8,0.21,0.42,1.2,0.045,24,126,0.99234,3.09,0.87,10.9
7.5,0.14,0.34,1.3,0.055,50,153,0.9945,3.29,0.8,9.6
7.8,0.3,0.29,16.85,0.054,23,135,0.9998,3.16,0.38,9
8.2,0.3,0.44,12.4,0.043,52,154,0.99452,3.04,0.33,12
5.7,0.26,0.27,4.1,0.201,73.5,189.5,0.9942,3.27,0.38,9.4
6.4,0.25,0.41,8.6,0.042,57,173,0.9965,3,0.44,9.1
6.6,0.33,0.4,2.65,0.041,35,86,0.98916,3.11,0.39,13.3
7.5,0.42,0.45,9.1,0.029,20,125,0.996,3.12,0.36,10.1
6.8,0.21,0.37,7,0.038,27,107,0.99206,2.98,0.82,11.5
7.9,0.46,0.32,4.1,0.033,40,138,0.9912,3.18,0.44,12.8
6.5,0.41,0.64,11.8,0.065,65,225,0.9978,3.12,0.51,8.9
6.2,0.37,0.22,8.3,0.025,36,216,0.9964,3.33,0.6,9.6
6.9,0.25,0.26,5.2,0.024,36,135,0.9948,3.16,0.72,10.7
6.4,0.25,0.37,4.5,0.039,41,147,0.9921,3.18,0.4,11.1
9.2,0.28,0.41,1,0.042,14,59,0.9922,2.96,0.25,10.5
6.4,0.23,0.33,1.15,0.044,15.5,217.5,0.992,3.33,0.44,11
6.5,0.32,0.34,5.7,0.044,27,91,0.99184,3.28,0.6,12
6.8,0.32,0.37,3.4,0.023,19,87,0.9902,3.14,0.53,12.7
6.4,0.15,0.29,1.8,0.044,21,115,0.99166,3.1,0.38,10.2
6.6,0.2,0.14,4.4,0.184,35,168,0.99396,2.93,0.45,9.4
6.8,0.21,0.31,2.9,0.046,40,121,0.9913,3.07,0.65,10.9
6.6,0.2,0.14,4.4,0.184,35,168,0.99396,2.93,0.45,9.4
7.1,0.44,0.37,2.7,0.041,35,128,0.9896,3.07,0.43,13.5
8,0.66,0.72,17.55,0.042,62,233,0.9999,2.92,0.68,9.4
6.8,0.17,0.35,1.8,0.04,29,84,0.98961,2.91,0.57,12
8,0.2,0.4,5.2,0.055,41,167,0.9953,3.18,0.4,10.6
7.2,0.18,0.31,1.1,0.045,20,73,0.9925,3.32,0.4,10.8
6.3,0.24,0.35,2.3,0.039,43,109,0.99056,3.34,0.44,11.8
5.6,0.245,0.32,1.1,0.047,24,152,0.9927,3.12,0.42,9.3
6,0.32,0.3,1.9,0.033,41,142,0.98912,3.29,0.42,12.8
6.4,0.17,0.27,6.7,0.036,88,223,0.9948,3.28,0.35,10.2
6.4,0.35,0.28,12.6,0.039,19,124,0.99539,3.2,0.43,10.6
6.6,0.435,0.38,9.2,0.058,66,243,0.99833,3.23,0.54,9.1
8.1,0.5,0.47,1.1,0.037,23,126,0.9938,3.21,0.42,10.9
7.6,0.31,0.29,10.5,0.04,21,145,0.9966,3.04,0.35,9.4
5.8,0.17,0.36,1.3,0.036,11,70,0.99202,3.43,0.68,10.4
6.4,0.24,0.29,1,0.038,18,122,0.9906,3.3,0.42,11.5
6.6,0.425,0.25,2.35,0.034,23,87,0.99082,3.05,0.41,11.4
6.8,0.18,0.24,9.8,0.058,64,188,0.9952,3.13,0.51,10.6
7.3,0.34,0.39,5.2,0.04,45,163,0.9925,3.3,0.47,12.4
6.4,0.17,0.27,9.9,0.047,26,101,0.99596,3.34,0.5,9.9
7.4,0.19,0.42,6.4,0.067,39,212,0.9958,3.3,0.33,9.6
7.9,0.14,0.45,1.8,0.05,17,114,0.9948,3.33,0.49,10.7
6.8,0.24,0.4,1.8,0.047,34,105,0.99,3.13,0.49,12.8
9.7,0.14,0.59,1.5,0.049,23,142,0.9958,2.98,0.62,9.5
9.2,0.15,0.68,1.6,0.046,22,130,0.9948,3.02,0.45,10.4
9.4,0.17,0.55,1.6,0.049,14,94,0.9949,3.02,0.61,10.3
6.7,0.36,0.28,8.3,0.034,29,81,0.99151,2.96,0.39,12.5
9.6,0.25,0.54,1.3,0.04,16,160,0.9938,2.94,0.43,10.5
9.2,0.32,0.42,1.3,0.046,14,186,0.9949,3.08,0.48,9.6
6.4,0.31,0.4,6.2,0.04,46,169,0.9953,3.15,0.46,9.3
6,0.22,0.28,1.1,0.034,47,90,0.98862,3.22,0.38,12.6
6,0.29,0.25,1.4,0.033,30,114,0.98794,3.08,0.43,13.2
7.6,0.19,0.42,1.5,0.044,6,114,0.9914,3.04,0.74,12.8
6,0.29,0.25,1.4,0.033,30,114,0.98794,3.08,0.43,13.2
6.2,0.2,0.26,1.7,0.093,40,161,0.9924,3.44,0.66,11
6.2,0.3,0.21,1.1,0.032,31,111,0.9889,2.97,0.42,12.2
7.7,0.32,0.48,2.3,0.04,28,114,0.9911,3.2,0.52,12.8
5.2,0.37,0.33,1.2,0.028,13,81,0.9902,3.37,0.38,11.7
8.4,0.19,0.43,2.1,0.052,20,104,0.994,2.85,0.46,9.5
6.5,0.28,0.34,3.6,0.04,29,121,0.99111,3.28,0.48,12.1
7.8,0.21,0.39,1.8,0.034,62,180,0.991,3.09,0.75,12.6
6.5,0.28,0.34,3.6,0.04,29,121,0.99111,3.28,0.48,12.1
6.4,0.22,0.32,4.9,0.046,50,156,0.99316,3.38,0.55,11.2
5.7,0.21,0.24,2.3,0.047,60,189,0.995,3.65,0.72,10.1
7.8,0.29,0.36,7,0.042,38,161,0.9941,3.26,0.37,11.2
6.7,0.18,0.3,6.4,0.048,40,251,0.9956,3.29,0.52,10
8.4,0.58,0.27,12.15,0.033,37,116,0.9959,2.99,0.39,10.8
6.1,0.28,0.27,4.7,0.03,56,140,0.99042,3.16,0.42,12.5
6.6,0.25,0.31,12.4,0.059,52,181,0.9984,3.51,0.47,9.8
8.2,0.35,0.4,6.3,0.039,35,162,0.9936,3.15,0.34,11.9
7.8,0.29,0.36,7,0.042,38,161,0.9941,3.26,0.37,11.2
6.5,0.37,0.33,3.9,0.027,40,130,0.9906,3.28,0.39,12.7
7.7,0.46,0.18,3.3,0.054,18,143,0.99392,3.12,0.51,10.8
7.6,0.19,0.41,1.1,0.04,38,143,0.9907,2.92,0.42,11.4
6.1,0.33,0.32,7.8,0.052,52,183,0.99657,3.39,0.65,9.5
7.1,0.32,0.3,9.9,0.041,63,192,0.99642,3.12,0.49,10.2
6.2,0.12,0.26,5.7,0.044,56,158,0.9951,3.52,0.37,10.5
6,0.13,0.28,5.7,0.038,56,189.5,0.9948,3.59,0.43,10.6
6.8,0.24,0.29,9.5,0.042,56,157,0.99586,3.11,0.51,10.1
7.3,0.22,0.41,15.4,0.05,55,191,1,3.32,0.59,8.9
7.6,0.28,0.39,1.9,0.052,23,116,0.9941,3.25,0.4,10.4
6.2,0.3,0.32,1.7,0.032,30,130,0.9911,3.28,0.41,11.2
6.4,0.32,0.27,4.9,0.034,18,122,0.9916,3.36,0.71,12.5
6.6,0.42,0.33,2.8,0.034,15,85,0.99,3.28,0.51,13.4
7.3,0.18,0.29,1.2,0.044,12,143,0.9918,3.2,0.48,11.3
8.1,0.19,0.4,0.9,0.037,73,180,0.9926,3.06,0.34,10
6.7,0.4,0.22,8.8,0.052,24,113,0.99576,3.22,0.45,9.4
6.6,0.42,0.33,2.8,0.034,15,85,0.99,3.28,0.51,13.4
5.6,0.49,0.13,4.5,0.039,17,116,0.9907,3.42,0.9,13.7
6.6,0.15,0.32,6,0.033,59,128,0.99192,3.19,0.71,12.1
6.6,0.15,0.32,6,0.033,59,128,0.99192,3.19,0.71,12.1
7.1,0.26,0.31,2.2,0.044,29,128,0.9937,3.34,0.64,10.9
8,0.24,0.48,6.8,0.047,13,134,0.99616,3.23,0.7,10
5.8,0.54,0,1.4,0.033,40,107,0.98918,3.26,0.35,12.4
7.1,0.19,0.28,3.6,0.033,16,78,0.993,2.91,0.78,11.4
8.2,0.22,0.36,6.8,0.034,12,90,0.9944,3.01,0.38,10.5
7,0.2,0.34,5.7,0.035,32,83,0.9928,3.19,0.46,11.5
6.8,0.17,0.34,2,0.04,38,111,0.99,3.24,0.45,12.9
6.2,0.3,0.31,1.6,0.035,40,106,0.98914,3.26,0.39,12.9
6.8,0.17,0.34,2,0.04,38,111,0.99,3.24,0.45,12.9
7.6,0.14,0.74,1.6,0.04,27,103,0.9916,3.07,0.4,10.8
7.6,0.22,0.28,12,0.056,68,143,0.9983,2.99,0.3,9.2
8.1,0.29,0.49,7.1,0.042,22,124,0.9944,3.14,0.41,10.8
7.4,0.25,0.49,1.1,0.042,35,156,0.9917,3.13,0.55,11.3
6.1,0.22,0.49,1.5,0.051,18,87,0.9928,3.3,0.46,9.6
6.1,0.22,0.49,1.5,0.051,18,87,0.9928,3.3,0.46,9.6
6.5,0.3,0.27,4,0.038,37,97,0.99026,3.2,0.6,12.6
5.4,0.45,0.27,6.4,0.033,20,102,0.98944,3.22,0.27,13.4
6.5,0.22,0.19,1.1,0.064,36,191,0.99297,3.05,0.5,9.5
8,0.25,0.49,1.2,0.061,27,117,0.9938,3.08,0.34,9.4
6.1,0.33,0.3,3,0.036,30,124,0.98922,3.31,0.4,13.1
6.7,0.29,0.45,14.3,0.054,30,181,0.99869,3.14,0.57,9.1
6.5,0.16,0.34,1.4,0.029,29,133,0.99108,3.33,0.64,11.5
7.1,0.36,0.28,2.4,0.036,35,115,0.98936,3.19,0.44,13.5
7.7,0.38,0.23,10.8,0.03,28,95,0.99164,2.93,0.41,13.6
7.1,0.25,0.49,3,0.03,30,96,0.9903,3.13,0.39,12.3
6.5,0.24,0.24,1.6,0.046,15,60,0.9928,3.19,0.39,9.8
7.2,0.33,0.34,2,0.044,61,171,0.98947,3.25,0.53,13.3
7.8,0.43,0.49,13,0.033,37,158,0.9955,3.14,0.35,11.3
6,0.23,0.15,9.7,0.048,101,207,0.99571,3.05,0.3,9.1
7.6,0.23,0.29,8.6,0.053,65,146,0.9963,3.11,0.32,9.8
6.7,0.16,0.49,2.4,0.046,57,187,0.9952,3.62,0.81,10.4
7.2,0.23,0.46,6.4,0.036,17,85,0.99279,3.1,0.78,11.7
7.2,0.31,0.35,7.2,0.046,45,178,0.9955,3.14,0.53,9.7
6.2,0.15,0.49,0.9,0.033,17,51,0.9932,3.3,0.7,9.4
7.2,0.24,0.28,1.9,0.032,30,92,0.9914,3.1,0.39,10.9
7.5,0.2,0.49,1.3,0.031,8,97,0.9918,3.06,0.62,11.1
8,0.34,0.49,9,0.033,39,180,0.9936,3.13,0.38,12.3
6.7,0.62,0.24,1.1,0.039,6,62,0.9934,3.41,0.32,10.4
6,0.33,0.2,1.8,0.031,49,159,0.9919,3.41,0.53,11
8.3,0.2,0.49,1.7,0.04,34,169,0.9938,3.05,0.37,10.1
6,0.33,0.2,1.8,0.031,49,159,0.9919,3.41,0.53,11
7,0.17,0.74,12.8,0.045,24,126,0.9942,3.26,0.38,12.2
6.8,0.21,0.49,14.5,0.06,50,170,0.9991,3.55,0.44,9.8
4.8,0.21,0.21,10.2,0.037,17,112,0.99324,3.66,0.48,12.2
8.8,0.23,0.74,3.2,0.042,15,126,0.9934,3.02,0.51,11.2
6.6,0.64,0.28,4.4,0.032,19,78,0.99036,3.11,0.62,12.9
8.2,0.24,0.49,9.3,0.038,52,163,0.9952,3.02,0.33,10.6
8,0.25,0.49,9,0.044,31,185,0.998,3.34,0.49,10
7.2,0.27,0.74,12.5,0.037,47,156,0.9981,3.04,0.44,8.7
7.4,0.28,0.36,14.6,0.048,35,161,0.9968,3.14,0.56,10.6
7.4,0.25,0.28,7.25,0.028,14,78,0.99238,2.94,0.37,11.5
7.3,0.26,0.49,5,0.028,32,107,0.9936,3.24,0.54,10.8
7.1,0.18,0.74,15.6,0.044,44,176,0.9996,3.38,0.67,9
7.7,0.24,0.3,1.4,0.041,15,102,0.9929,3.26,0.53,10.4
7.4,0.25,0.28,7.25,0.028,14,78,0.99238,2.94,0.37,11.5
8.1,0.28,0.49,1,0.04,32,148,0.9936,3.13,0.41,10
5.8,0.28,0.28,4.2,0.044,52,158,0.992,3.35,0.44,10.7
7.1,0.53,0.24,0.8,0.029,29,86,0.993,3.16,0.32,9.1
5.6,0.28,0.27,3.9,0.043,52,158,0.99202,3.35,0.44,10.7
6.8,0.19,0.32,7.6,0.049,37,107,0.99332,3.12,0.44,10.7
6.7,0.3,0.49,4.8,0.034,36,158,0.9945,3.12,0.45,9.9
6.6,0.17,0.28,1.1,0.034,55,108,0.98939,3,0.52,11.9
6.6,0.19,0.28,11.8,0.042,54,137,0.99492,3.18,0.37,10.8
7.9,0.18,0.49,5.2,0.051,36,157,0.9953,3.18,0.48,10.6
6.6,0.19,0.99,1.2,0.122,45,129,0.9936,3.09,0.31,8.7
6.8,0.12,0.3,12.9,0.049,32,88,0.99654,3.2,0.35,9.9
6.6,0.295,0.24,1.6,0.039,29,140,0.99304,3.35,0.61,10.4
5.8,0.2,0.24,1.4,0.033,65,169,0.99043,3.59,0.56,12.3
6.7,0.35,0.48,8.8,0.056,35,167,0.99628,3.04,0.47,9.4
6.8,0.16,0.18,1.8,0.046,31,114,0.99226,3.27,0.55,10.8
7.5,0.19,0.49,1.8,0.055,19,110,0.9946,3.33,0.44,9.9
7.2,0.24,0.3,1.2,0.037,11,95,0.98914,2.96,0.36,12.5
6.7,0.3,0.74,5,0.038,35,157,0.9945,3.21,0.46,9.9
7.1,0.27,0.24,12.6,0.044,48,118,0.99726,3.04,0.56,10
7.4,0.3,0.49,8.2,0.055,49,188,0.9974,3.52,0.58,9.7
6.9,0.22,0.49,7,0.063,50,168,0.9957,3.54,0.5,10.3
6.3,0.2,0.26,4.7,0.04,108,168,0.99278,3.07,0.75,10.7
7.2,0.24,0.3,1.2,0.037,11,95,0.98914,2.96,0.36,12.5
6.8,0.45,0.28,26.05,0.031,27,122,1.00295,3.06,0.42,10.6
6.2,0.27,0.49,1.4,0.05,20,74,0.9931,3.32,0.44,9.8
9.3,0.31,0.49,1.3,0.042,34,147,0.9948,3.11,0.46,9.8
6.4,0.25,0.74,7.8,0.045,52,209,0.9956,3.21,0.42,9.2
7.3,0.3,0.74,13.5,0.039,46,165,0.9982,3.02,0.4,8.7
7.6,0.31,0.27,8.8,0.021,57,156,0.99442,3.08,0.38,11
6.4,0.29,0.32,2.4,0.014,34,89,0.99008,3.24,0.66,12.5
6.8,0.19,0.33,4.9,0.047,42,130,0.99283,3.12,0.56,11
7.2,0.33,0.22,4.5,0.031,10,73,0.99076,2.97,0.52,12.2
6.4,0.29,0.24,3.2,0.037,31,95,0.98942,2.9,0.66,12.6
7.3,0.31,0.25,6.65,0.032,30,138,0.99244,2.9,0.37,11.1
8.2,0.34,0.49,8,0.046,55,223,0.996,3.08,0.52,10.7
5.6,0.39,0.24,4.7,0.034,27,77,0.9906,3.28,0.36,12.7
6.3,0.32,0.17,17.75,0.06,51,190,0.99916,3.13,0.48,8.8
6.7,0.41,0.01,2.8,0.048,39,137,0.9942,3.24,0.35,9.5
7.1,0.26,0.49,2.2,0.032,31,113,0.9903,3.37,0.42,12.9
5.8,0.19,0.49,4.9,0.04,44,118,0.9935,3.34,0.38,9.5
7.1,0.28,0.28,8.5,0.03,25,191,0.99338,3.16,0.46,12.2
5.8,0.32,0.28,4.3,0.032,46,115,0.98946,3.16,0.57,13
6.7,0.22,0.39,1.2,0.049,26,152,0.99346,3.5,0.47,10
7.5,0.19,0.49,1.6,0.047,42,140,0.9932,3.4,0.47,10.7
6.5,0.26,0.31,1.3,0.034,59,145,0.98944,3.16,0.54,12.4
5.4,0.53,0.16,2.7,0.036,34,128,0.98856,3.2,0.53,13.2
6.2,0.22,0.49,6,0.029,31,128,0.9928,3.41,0.36,11.3
6.8,0.3,0.29,6.2,0.025,29,95,0.99071,3.03,0.32,12.9
5.4,0.3,0.3,1.2,0.029,25,93,0.98742,3.31,0.4,13.6
9,0.22,0.49,10.4,0.048,52,195,0.9987,3.31,0.44,10.2
8.2,0.2,0.49,3.5,0.057,14,108,0.9928,3.19,0.35,11.5
6.9,0.25,0.24,1.8,0.053,6,121,0.993,3.23,0.7,11.4
6.8,0.15,0.41,12.9,0.044,79.5,183,0.99742,3.24,0.78,10.2
7.8,0.49,0.49,7,0.043,29,149,0.9952,3.21,0.33,10
6.8,0.15,0.41,12.9,0.044,79.5,183,0.99742,3.24,0.78,10.2
7.6,0.3,0.37,1.6,0.087,27,177,0.99438,3.09,0.5,9.8
6,0.16,0.27,12,0.03,39,98,0.99402,3.15,0.34,10.8
7.1,0.21,0.35,2.5,0.04,41,186,0.99128,3.32,0.56,12.5
6.4,0.22,0.49,7.5,0.054,42,151,0.9948,3.27,0.52,10.1
8.1,0.12,0.49,1.2,0.042,43,160,0.9934,3.13,0.48,9.7
7.2,0.23,0.25,18.8,0.085,19,111,1.00044,3.1,0.51,8.7
6.4,0.15,0.4,1.3,0.053,61,146,0.99112,3.17,0.68,11
6.8,0.15,0.41,12.9,0.044,79.5,182,0.99742,3.24,0.78,10.2
7.6,0.31,0.49,3.95,0.044,27,131,0.9912,3.08,0.67,12.8
7.6,0.3,0.37,1.6,0.087,27,177,0.99438,3.09,0.5,9.8
7.5,0.24,0.31,13.1,0.05,26,180,0.99884,3.05,0.53,9.1
6.6,0.325,0.49,7.7,0.049,53,217,0.996,3.16,0.4,9.3
6.6,0.27,0.49,7.8,0.049,62,217,0.9959,3.17,0.45,9.4
6.7,0.26,0.49,8.3,0.047,54,191,0.9954,3.23,0.4,10.3
6.7,0.34,0.43,1.6,0.041,29,114,0.99014,3.23,0.44,12.6
6.7,0.21,0.49,1.4,0.047,30,114,0.9914,2.92,0.42,10.8
8.5,0.18,0.3,1.1,0.028,34,95,0.99272,2.83,0.36,10
7.8,0.24,0.18,6.7,0.046,33,160,0.9963,3.2,0.56,9.8
6.6,0.26,0.31,4.8,0.138,41,168,0.9951,3.2,0.38,9.3
7.3,0.23,0.37,1.8,0.032,60,156,0.992,3.11,0.35,11.1
6.4,0.35,0.2,5.7,0.034,18,117,0.9944,3.33,0.43,10.1
7.4,0.26,0.37,9.4,0.047,42,147,0.9982,3.46,0.72,10
7.1,0.21,0.72,1.6,0.167,65,120,0.99324,2.97,0.51,9.2
7.1,0.16,0.25,1.3,0.034,28,123,0.9915,3.27,0.55,11.4
7,0.24,0.3,4.2,0.04,41,213,0.9927,3.28,0.49,11.8
7.2,0.21,0.33,3,0.036,35,132,0.9928,3.25,0.4,11
8.5,0.32,0.36,14.9,0.041,47,190,0.9982,3.08,0.31,10
6.9,0.18,0.3,2,0.038,39,190,0.9914,3.32,0.37,12.2
7.4,0.27,0.28,1.8,0.04,45,121,0.99043,3.02,0.4,11.9
6.6,0.27,0.33,1.4,0.042,24,183,0.99215,3.29,0.46,10.7
6.6,0.25,0.31,1.5,0.035,32,127,0.9921,3.41,0.47,11.3
7.8,0.19,0.32,7.4,0.015,47,124,0.99278,2.99,0.39,11
7.6,0.2,0.39,2.6,0.044,30,180,0.9941,3.46,0.44,10.8
7.6,0.445,0.44,14.5,0.045,68,212,0.9986,3.48,0.36,10
6.5,0.33,0.28,6.1,0.018,41,103,0.99122,3.24,0.32,12.2
6.5,0.32,0.45,7.7,0.022,31,97,0.99134,3.2,0.7,12.7
7.4,0.25,0.29,6.8,0.02,31,113,0.99338,3.13,0.29,10.8
6.9,0.16,0.3,9.6,0.057,50,185,0.9978,3.39,0.38,9.6
7.6,0.27,0.3,9.2,0.018,23,96,0.9938,3.08,0.29,11
6.5,0.25,0.27,17.4,0.064,29,140,0.99776,3.2,0.49,10.1
6.4,0.34,0.44,8.2,0.043,54,201,0.99551,3.18,0.48,9.5
6.6,0.37,0.47,6.5,0.061,23,150,0.9954,3.14,0.45,9.6
6.3,0.32,0.26,12,0.049,63,170,0.9961,3.14,0.55,9.9
8,0.27,0.24,1.2,0.044,20,102,0.9929,3.28,0.42,10.9
7,0.39,0.21,10.7,0.098,13,91,0.99657,3.03,0.47,9.3
7.9,0.21,0.39,2,0.057,21,138,0.99176,3.05,0.52,10.9
7.4,0.18,0.3,10.4,0.045,44,174,0.9966,3.11,0.57,9.7
6.1,0.255,0.44,12.3,0.045,53,197,0.9967,3.24,0.54,9.5
8.1,0.2,0.3,1.3,0.036,7,49,0.99242,2.99,0.73,10.3
7,0.39,0.21,10.7,0.098,13,91,0.99657,3.03,0.47,9.3
6.6,0.62,0.2,8.7,0.046,81,224,0.99605,3.17,0.44,9.3
7.2,0.28,0.38,2,0.052,23,156,0.9912,3.13,0.52,11.1
6.9,0.29,0.23,8.6,0.056,56,215,0.9967,3.17,0.44,8.8
7.4,0.34,0.28,12.1,0.049,31,149,0.99677,3.22,0.49,10.3
6.8,0.41,0.3,8.8,0.045,28,131,0.9953,3.12,0.59,9.9
6.5,0.18,0.26,1.4,0.041,40,141,0.9941,3.34,0.72,9.5
6.9,0.28,0.28,12.2,0.042,52,139,0.99522,3.03,0.56,10.4
6.9,0.19,0.28,3,0.054,33,99,0.9924,3.16,0.4,10.8
7,0.33,0.28,5.7,0.033,39,204,0.99176,3.17,0.64,12.5
7.7,0.49,1,19.6,0.03,28,135,0.9973,3.24,0.4,12
6.5,0.18,0.26,1.4,0.041,40,141,0.9941,3.34,0.72,9.5
6.1,0.32,0.37,1.8,0.051,13,200,0.9945,3.49,0.44,10.5
7,0.15,0.29,16.4,0.058,45,110,0.9978,3.15,0.37,9.7
6.5,0.41,0.22,4.8,0.052,49,142,0.9946,3.14,0.62,9.2
8.2,0.36,0.29,7.6,0.035,37,122,0.9939,3.16,0.34,12
8,0.27,0.33,1.2,0.05,41,103,0.99002,3,0.45,12.4
6.5,0.41,0.22,4.8,0.052,49,142,0.9946,3.14,0.62,9.2
8,0.27,0.33,1.2,0.05,41,103,0.99002,3,0.45,12.4
6.7,0.37,0.25,2.5,0.028,24,84,0.9909,3.14,0.36,11.7
7.5,0.26,0.31,1.6,0.032,36,109,0.99044,2.97,0.43,11.9
6.4,0.32,0.23,16.2,0.055,36,176,0.9986,3.26,0.54,9.1
6.8,0.23,0.29,15.4,0.073,56,173,0.9984,3.06,0.41,8.7
6.7,0.24,0.32,9,0.023,20,109,0.99262,3.34,0.35,12.6
6.8,0.23,0.29,15.4,0.073,56,173,0.9984,3.06,0.41,8.7
5.9,0.2,0.23,1.5,0.037,38,93,0.99021,3.36,0.49,12
6.5,0.27,0.19,6.6,0.045,98,175,0.99364,3.16,0.34,10.1
6.7,0.27,0.3,13.9,0.029,34,131,0.9953,3.36,0.5,12
6.8,0.33,0.28,1.2,0.032,38,131,0.9889,3.19,0.41,13
6.2,0.22,0.3,12.4,0.054,108,152,0.99728,3.1,0.47,9.5
6.5,0.32,0.12,11.5,0.033,35,165,0.9974,3.22,0.32,9
6.1,0.22,0.28,16.55,0.059,54,135,0.99665,3.2,0.38,10.5
7.4,0.49,0.24,15.1,0.03,34,153,0.9953,3.13,0.51,12
8,0.55,0.42,12.6,0.211,37,213,0.9988,2.99,0.56,9.3
7.2,0.24,0.29,2.2,0.037,37,102,0.992,3.27,0.64,11
8.2,0.18,0.31,11.8,0.039,96,249,0.9976,3.07,0.52,9.5
7,0.34,0.1,3.5,0.044,17,63,0.9937,3.01,0.39,9.2
7.4,0.44,0.2,11.5,0.049,44,157,0.998,3.27,0.44,9
7.6,0.26,0.58,7.9,0.041,62,180,0.9966,3.07,0.38,9
10,0.91,0.42,1.6,0.056,34,181,0.9968,3.11,0.46,10
5,0.455,0.18,1.9,0.036,33,106,0.98746,3.21,0.83,14
8.9,0.33,0.34,1.4,0.056,14,171,0.9946,3.13,0.47,9.7
8,0.22,0.28,14,0.053,83,197,0.9981,3.14,0.45,9.8
6.7,0.18,0.19,4.7,0.046,57,161,0.9946,3.32,0.66,10.5
7.3,0.13,0.31,2.3,0.054,22,104,0.9924,3.24,0.92,11.5
7.2,0.25,0.32,1.5,0.054,24,105,0.99154,3.17,0.48,11.1
6.9,0.37,0.28,13.8,0.031,34,137,0.9948,3.1,0.37,11.6
5.8,0.33,0.2,16.05,0.047,26,166,0.9976,3.09,0.46,8.9
6.7,0.31,0.3,2.4,0.038,30,83,0.98867,3.09,0.36,12.8
8.6,0.22,0.33,1.2,0.031,38,95,0.99239,2.83,0.31,10.3
8,0.25,0.26,14,0.043,41,248,0.9986,3.03,0.57,8.7
7.7,0.3,0.42,14.3,0.045,45,213,0.9991,3.18,0.63,9.2
7.7,0.3,0.42,14.3,0.045,45,213,0.9991,3.18,0.63,9.2
7.7,0.3,0.42,14.3,0.045,45,213,0.9991,3.18,0.63,9.2
6.4,0.22,0.32,7.9,0.029,34,124,0.9948,3.4,0.39,10.2
6.1,0.28,0.26,1.5,0.03,25,101,0.98894,3.03,0.41,12.1
6.9,0.22,0.28,7.8,0.05,43,116,0.99326,3.22,0.6,11.5
7,0.46,0.2,16.7,0.046,50,184,0.99898,3.08,0.56,9.4
7.7,0.3,0.42,14.3,0.045,45,213,0.9991,3.18,0.63,9.2
7.6,0.33,0.41,13.7,0.045,44,197,0.9989,3.18,0.64,9.1
4.9,0.345,0.34,1,0.068,32,143,0.99138,3.24,0.4,10.1
6.4,0.2,0.15,6.6,0.046,26,113,0.99408,2.99,0.58,9.9
7.5,0.29,0.67,8.1,0.037,53,166,0.9966,2.9,0.41,8.9
6,0.3,0.33,2.1,0.042,31,127,0.98964,3.32,0.42,12.5
6.1,0.3,0.32,2.2,0.042,41,142,0.98952,3.31,0.44,12.7
7.8,0.34,0.27,1.2,0.04,25,106,0.9932,3.01,0.55,10.4
6.3,0.33,0.2,17.9,0.066,36,161,0.9991,3.14,0.51,8.8
7,0.16,0.3,2.6,0.043,34,90,0.99047,2.88,0.47,11.2
5.6,0.185,0.19,7.1,0.048,36,110,0.99438,3.26,0.41,9.5
6,0.34,0.32,3.8,0.044,13,116,0.99108,3.39,0.44,11.8
7.3,0.38,0.23,6.5,0.05,18,102,0.99304,3.1,0.55,11.2
8.1,0.26,0.33,11.1,0.052,52.5,158,0.9976,3.03,0.49,10.2
8.2,0.37,0.27,1.7,0.028,10,59,0.9923,2.97,0.48,10.4
7.6,0.26,0.36,1.6,0.032,6,106,0.993,3.15,0.4,10.4
6.3,0.2,0.58,1.4,0.204,15,97,0.9931,3.16,0.43,10
6.4,0.17,0.3,2.8,0.034,33,125,0.99152,3.03,0.49,10.4
7.1,0.25,0.28,1.6,0.052,46,169,0.9926,3.05,0.41,10.5
6.1,0.24,0.26,1.7,0.033,61,134,0.9903,3.19,0.81,11.9
6.5,0.29,0.53,1.7,0.04,41,192,0.9922,3.26,0.59,10.4
7.1,0.49,0.22,2,0.047,146.5,307.5,0.9924,3.24,0.37,11
9.2,0.71,0.23,6.2,0.042,15,93,0.9948,2.89,0.34,10.1
6.3,0.22,0.27,4.5,0.036,81,157,0.9928,3.05,0.76,10.7
6.1,0.24,0.26,1.7,0.033,61,134,0.9903,3.19,0.81,11.9
8.8,0.34,0.33,9.7,0.036,46,172,0.9966,3.08,0.4,10.2
6.8,0.11,0.27,8.6,0.044,45,104,0.99454,3.2,0.37,9.9
6.8,0.31,0.32,7.6,0.052,35,143,0.9959,3.14,0.38,9
6.8,0.11,0.27,8.6,0.044,45,104,0.99454,3.2,0.37,9.9
6.3,0.25,0.44,11.6,0.041,48,195,0.9968,3.18,0.52,9.5
6.7,0.28,0.34,8.9,0.048,32,111,0.99455,3.25,0.54,11
5.7,0.45,0.42,1.1,0.051,61,197,0.9932,3.02,0.4,9
8,0.37,0.31,4.7,0.038,3,127,0.99186,2.9,0.72,12.1
6.4,0.24,0.49,5.8,0.053,25,120,0.9942,3.01,0.98,10.5
7.2,0.15,0.33,1.1,0.027,16,63,0.9937,3.37,0.4,9.9
6.1,0.25,0.48,15.8,0.052,25,94,0.99782,3.07,0.45,9.2
6.4,0.24,0.49,5.8,0.053,25,120,0.9942,3.01,0.98,10.5
7.4,0.21,0.3,8.1,0.047,13,114,0.9941,3.12,0.35,10.5
7.2,0.4,0.24,8.5,0.055,45,151,0.99626,3.2,0.52,9.2
6.4,0.18,0.48,18,0.054,56,183,1.00038,2.98,0.61,8.5
6.4,0.26,0.26,1.1,0.052,22,176,0.99304,3.09,0.54,9.3
7.6,0.2,0.3,14.2,0.056,53,212.5,0.999,3.14,0.46,8.9
7.6,0.2,0.3,14.2,0.056,53,212.5,0.999,3.14,0.46,8.9
7.6,0.16,0.41,1.9,0.047,27,151,0.9937,3.2,0.53,10.1
6.1,1.1,0.16,4.4,0.033,8,109,0.99058,3.35,0.47,12.4
7,0.12,0.28,6.3,0.057,17,103,0.9957,3.5,0.44,9.6
7.4,0.3,0.22,5.25,0.053,33,180,0.9926,3.13,0.45,11.6
6.9,0.19,0.35,13.5,0.038,49,118,0.99546,3,0.63,10.7
7.4,0.26,0.31,2.4,0.043,58,178,0.9941,3.42,0.68,10.6
7.2,0.17,0.28,17.55,0.05,33,154,0.99971,2.94,0.43,9
7.2,0.15,0.39,1.8,0.043,21,159,0.9948,3.52,0.47,10
7.2,0.15,0.39,1.8,0.043,21,159,0.9948,3.52,0.47,10
6.8,0.18,0.46,1.4,0.064,37,160,0.9924,3.37,0.45,11.1
6.4,0.41,0.01,6.1,0.048,20,70,0.99362,3.19,0.42,10
9,0.55,0.3,8.1,0.026,14,71,0.993,2.94,0.36,11.8
6.6,0.32,0.22,16.7,0.046,38,133,0.9979,3.22,0.67,10.4
6.8,0.16,0.36,1.3,0.034,32,98,0.99058,3.02,0.58,11.3
7.1,0.44,0.27,8.4,0.057,60,160,0.99257,3.16,0.36,11.8
6.6,0.32,0.22,16.7,0.046,38,133,0.9979,3.22,0.67,10.4
7.5,0.16,0.38,12.7,0.043,70.5,163,0.99706,3.15,0.82,10.4
6.9,0.32,0.15,8.1,0.046,51,180,0.9958,3.13,0.45,8.9
7.6,0.34,0.39,7.6,0.04,45,215,0.9965,3.11,0.53,9.2
5.8,0.23,0.21,1.5,0.044,21,110,0.99138,3.3,0.57,11
5.7,0.25,0.27,10.8,0.05,58,116,0.99592,3.1,0.5,9.8
7.2,0.23,0.33,12.7,0.049,50,183,0.9987,3.41,0.4,9.8
6.2,0.3,0.32,1.2,0.052,32,185,0.99266,3.28,0.44,10.1
7.4,0.26,0.29,3.7,0.048,14,73,0.9915,3.06,0.45,11.4
6.7,0.24,0.3,10.2,0.07,44,179,0.99666,2.86,0.46,8.9
6.6,0.41,0.27,10.7,0.11,20,103,0.99672,3.08,0.41,9
